GHO (CODE),GHO (DISPLAY),GHO (URL),YEAR (DISPLAY),STARTYEAR,ENDYEAR,REGION (CODE),REGION (DISPLAY),COUNTRY (CODE),COUNTRY (DISPLAY),DIMENSION (TYPE),DIMENSION (CODE),DIMENSION (NAME),Numeric,Value,Low,High
#indicator+code,#indicator+name,#indicator+url,#date+year,#date+year+start,#date+year+end,#region+code,#region+name,#country+code,#country+name,#dimension+type,#dimension+code,#dimension+name,#indicator+value+num,#indicator+value,#indicator+value+low,#indicator+value+high
MALARIA_EST_INCIDENCE,Estimated malaria incidence (per 1000 population at risk),https://www.who.int/data/gho/data/indicators/indicator-details/GHO/malaria-incidence-%28per-1-000-population-at-risk%29,2010,2010,2010,SEAR,South-East Asia,BTN,Bhutan,,,,0.839742145,0.84 [0.84-0.84],0.839742145,0.839742145
MALARIA_IMPORTED,Number of imported malaria cases,https://www.who.int/data/gho/data/indicators/indicator-details/GHO/number-of-imported-malaria-cases,2017,2017,2017,SEAR,South-East Asia,BTN,Bhutan,,,,38.0,38,,
MALARIA_EST_INCIDENCE,Estimated malaria incidence (per 1000 population at risk),https://www.who.int/data/gho/data/indicators/indicator-details/GHO/malaria-incidence-%28per-1-000-population-at-risk%29,2001,2001,2001,SEAR,South-East Asia,BTN,Bhutan,,,,13.23489392,13.23 [13.23-13.23],13.23489392,13.23489392
MALARIA_TOTAL_CASES,Total number of  malaria cases (presumed + confirmed cases),https://www.who.int/data/gho/data/indicators/indicator-details/GHO/total-number-of-malaria-cases-presumed-confirmed-cases,2018,2018,2018,SEAR,South-East Asia,BTN,Bhutan,,,,54.0,54,,
MALARIA_EST_MORTALITY,Estimated malaria mortality rate (per 100 000 population),https://www.who.int/data/gho/data/indicators/indicator-details/GHO/estimated-malaria-mortality-rate-per-100-000-population,2012,2012,2012,SEAR,South-East Asia,BTN,Bhutan,,,,0.188399845,0.19 [0.19-0.19],0.188399845,0.188399845
MALARIA_CONF_CASES,Number of confirmed malaria cases,https://www.who.int/data/gho/data/indicators/indicator-details/GHO/number-confirmed-malaria-cases,2021,2021,2021,SEAR,South-East Asia,BTN,Bhutan,,,,23.0,23,,
MALARIA_EST_INCIDENCE,Estimated malaria incidence (per 1000 population at risk),https://www.who.int/data/gho/data/indicators/indicator-details/GHO/malaria-incidence-%28per-1-000-population-at-risk%29,2016,2016,2016,SEAR,South-East Asia,BTN,Bhutan,,,,0.027104189,0.03 [0.03-0.03],0.027104189,0.027104189
MALARIA_EST_MORTALITY,Estimated malaria mortality rate (per 100 000 population),https://www.who.int/data/gho/data/indicators/indicator-details/GHO/estimated-malaria-mortality-rate-per-100-000-population,2011,2011,2011,SEAR,South-East Asia,BTN,Bhutan,,,,0.190498687,0.19,,
MALARIA_PV_INDIG,Number of indigenous P. vivax malaria cases,https://www.who.int/data/gho/data/indicators/indicator-details/GHO/number-of-indigenous-p.-vivax-malaria-cases,2015,2015,2015,SEAR,South-East Asia,BTN,Bhutan,,,,21.0,21,,
MALARIA_PF_INDIG,Number of indigenous P. falciparum malaria cases,https://www.who.int/data/gho/data/indicators/indicator-details/GHO/number-of-indigenous-p.-falciparum-malaria-cases,2019,2019,2019,SEAR,South-East Asia,BTN,Bhutan,,,,0.0,0,,
MALARIA_MICR_TEST,Number of malaria suspects examined by microscopy,https://www.who.int/data/gho/data/indicators/indicator-details/GHO/number-of-malaria-suspects-examined-by-microscopy,2020,2020,2020,SEAR,South-East Asia,BTN,Bhutan,,,,6246.0,6246,,
MALARIA_EST_INCIDENCE,Estimated malaria incidence (per 1000 population at risk),https://www.who.int/data/gho/data/indicators/indicator-details/GHO/malaria-incidence-%28per-1-000-population-at-risk%29,2002,2002,2002,SEAR,South-East Asia,BTN,Bhutan,,,,14.09118257,14.09 [14.09-14.09],14.09118257,14.09118257
MALARIA_IMPORTED,Number of imported malaria cases,https://www.who.int/data/gho/data/indicators/indicator-details/GHO/number-of-imported-malaria-cases,2016,2016,2016,SEAR,South-East Asia,BTN,Bhutan,,,,56.0,56,,
MALARIA_EST_MORTALITY,Estimated malaria mortality rate (per 100 000 population),https://www.who.int/data/gho/data/indicators/indicator-details/GHO/estimated-malaria-mortality-rate-per-100-000-population,2015,2015,2015,SEAR,South-East Asia,BTN,Bhutan,,,,0.0,0 [0-0],0.0,0.0
MALARIA_EST_MORTALITY,Estimated malaria mortality rate (per 100 000 population),https://www.who.int/data/gho/data/indicators/indicator-details/GHO/estimated-malaria-mortality-rate-per-100-000-population,2018,2018,2018,SEAR,South-East Asia,BTN,Bhutan,,,,0.0,0 [0-0],0.0,0.0
MALARIA_PF_INDIG,Number of indigenous P. falciparum malaria cases,https://www.who.int/data/gho/data/indicators/indicator-details/GHO/number-of-indigenous-p.-falciparum-malaria-cases,2016,2016,2016,SEAR,South-East Asia,BTN,Bhutan,,,,1.0,1,,
MALARIA_EST_MORTALITY,Estimated malaria mortality rate (per 100 000 population),https://www.who.int/data/gho/data/indicators/indicator-details/GHO/estimated-malaria-mortality-rate-per-100-000-population,2022,2022,2022,SEAR,South-East Asia,BTN,Bhutan,,,,0.0,0 [0-0],0.0,0.0
MALARIA_EST_INCIDENCE,Estimated malaria incidence (per 1000 population at risk),https://www.who.int/data/gho/data/indicators/indicator-details/GHO/malaria-incidence-%28per-1-000-population-at-risk%29,2000,2000,2000,SEAR,South-East Asia,BTN,Bhutan,,,,13.43739104,13.44 [13.44-13.44],13.43739104,13.43739104
MALARIA_PRES_CASES,Number of presumed malaria cases,https://www.who.int/data/gho/data/indicators/indicator-details/GHO/number-of-presumed-malaria-cases,2019,2019,2019,SEAR,South-East Asia,BTN,Bhutan,,,,0.0,0,,
MALARIA_IMPORTED,Number of imported malaria cases,https://www.who.int/data/gho/data/indicators/indicator-details/GHO/number-of-imported-malaria-cases,2019,2019,2019,SEAR,South-East Asia,BTN,Bhutan,,,,30.0,30,,
MALARIA_SUSPECTS,Number of suspected malaria cases,https://www.who.int/data/gho/data/indicators/indicator-details/GHO/number-of-suspected-malaria-cases,2015,2015,2015,SEAR,South-East Asia,BTN,Bhutan,,,,74087.0,74 087,,
MALARIA_EST_MORTALITY,Estimated malaria mortality rate (per 100 000 population),https://www.who.int/data/gho/data/indicators/indicator-details/GHO/estimated-malaria-mortality-rate-per-100-000-population,2023,2023,2023,SEAR,South-East Asia,BTN,Bhutan,,,,0.0,0 [0-0],0.0,0.0
MALARIA_RDT_POS,Number of malaria positive cases by rapid diagnostic test (RDT),https://www.who.int/data/gho/data/indicators/indicator-details/GHO/number-of-malaria-positive-cases-by-rapid-diagnostic-test-rdt,2016,2016,2016,SEAR,South-East Asia,BTN,Bhutan,,,,15.0,15,,
MALARIA_MICR_POS,Number of malaria positive cases by microscopy,https://www.who.int/data/gho/data/indicators/indicator-details/GHO/number-of-malaria-positive-cases-by-microscopy,2020,2020,2020,SEAR,South-East Asia,BTN,Bhutan,,,,46.0,46,,
MALARIA_PF_INDIG,Number of indigenous P. falciparum malaria cases,https://www.who.int/data/gho/data/indicators/indicator-details/GHO/number-of-indigenous-p.-falciparum-malaria-cases,2015,2015,2015,SEAR,South-East Asia,BTN,Bhutan,,,,13.0,13,,
MALARIA_PV_INDIG,Number of indigenous P. vivax malaria cases,https://www.who.int/data/gho/data/indicators/indicator-details/GHO/number-of-indigenous-p.-vivax-malaria-cases,2022,2022,2022,SEAR,South-East Asia,BTN,Bhutan,,,,0.0,0,,
MALARIA_TOTAL_CASES,Total number of  malaria cases (presumed + confirmed cases),https://www.who.int/data/gho/data/indicators/indicator-details/GHO/total-number-of-malaria-cases-presumed-confirmed-cases,2021,2021,2021,SEAR,South-East Asia,BTN,Bhutan,,,,23.0,23,,
MALARIA_EST_MORTALITY,Estimated malaria mortality rate (per 100 000 population),https://www.who.int/data/gho/data/indicators/indicator-details/GHO/estimated-malaria-mortality-rate-per-100-000-population,2004,2004,2004,SEAR,South-East Asia,BTN,Bhutan,,,,1.45408619,1.45 [1.45-1.45],1.45408619,1.45408619
MALARIA_RDT_POS,Number of malaria positive cases by rapid diagnostic test (RDT),https://www.who.int/data/gho/data/indicators/indicator-details/GHO/number-of-malaria-positive-cases-by-rapid-diagnostic-test-rdt,2019,2019,2019,SEAR,South-East Asia,BTN,Bhutan,,,,37.0,37,,
MALARIA_MICR_POS,Number of malaria positive cases by microscopy,https://www.who.int/data/gho/data/indicators/indicator-details/GHO/number-of-malaria-positive-cases-by-microscopy,2018,2018,2018,SEAR,South-East Asia,BTN,Bhutan,,,,49.0,49,,
MALARIA_IMPORTED,Number of imported malaria cases,https://www.who.int/data/gho/data/indicators/indicator-details/GHO/number-of-imported-malaria-cases,2015,2015,2015,SEAR,South-East Asia,BTN,Bhutan,,,,70.0,70,,
MALARIA_TOTAL_CASES,Total number of  malaria cases (presumed + confirmed cases),https://www.who.int/data/gho/data/indicators/indicator-details/GHO/total-number-of-malaria-cases-presumed-confirmed-cases,2016,2016,2016,SEAR,South-East Asia,BTN,Bhutan,,,,74.0,74,,
MALARIA_SUSPECTS,Number of suspected malaria cases,https://www.who.int/data/gho/data/indicators/indicator-details/GHO/number-of-suspected-malaria-cases,2016,2016,2016,SEAR,South-East Asia,BTN,Bhutan,,,,118841.0,118 841,,
MALARIA_MICR_TEST,Number of malaria suspects examined by microscopy,https://www.who.int/data/gho/data/indicators/indicator-details/GHO/number-of-malaria-suspects-examined-by-microscopy,2023,2023,2023,SEAR,South-East Asia,BTN,Bhutan,,,,18724.0,18 724,,
MALARIA_RDT_POS,Number of malaria positive cases by rapid diagnostic test (RDT),https://www.who.int/data/gho/data/indicators/indicator-details/GHO/number-of-malaria-positive-cases-by-rapid-diagnostic-test-rdt,2018,2018,2018,SEAR,South-East Asia,BTN,Bhutan,,,,5.0,5,,
MALARIA_EST_INCIDENCE,Estimated malaria incidence (per 1000 population at risk),https://www.who.int/data/gho/data/indicators/indicator-details/GHO/malaria-incidence-%28per-1-000-population-at-risk%29,2014,2014,2014,SEAR,South-East Asia,BTN,Bhutan,,,,0.035021557,0.04 [0.04-0.04],0.035021557,0.035021557
MALARIA_MICR_POS,Number of malaria positive cases by microscopy,https://www.who.int/data/gho/data/indicators/indicator-details/GHO/number-of-malaria-positive-cases-by-microscopy,2015,2015,2015,SEAR,South-East Asia,BTN,Bhutan,,,,84.0,84,,
MALARIA_INDIG,Number of indigenous malaria cases,https://www.who.int/data/gho/data/indicators/indicator-details/GHO/number-of-indigenous-malaria-cases,2016,2016,2016,SEAR,South-East Asia,BTN,Bhutan,,,,15.0,15,,
MALARIA_RDT_POS,Number of malaria positive cases by rapid diagnostic test (RDT),https://www.who.int/data/gho/data/indicators/indicator-details/GHO/number-of-malaria-positive-cases-by-rapid-diagnostic-test-rdt,2023,2023,2023,SEAR,South-East Asia,BTN,Bhutan,,,,3.0,3,,
MALARIA_MICR_TEST,Number of malaria suspects examined by microscopy,https://www.who.int/data/gho/data/indicators/indicator-details/GHO/number-of-malaria-suspects-examined-by-microscopy,2016,2016,2016,SEAR,South-East Asia,BTN,Bhutan,,,,23442.0,23 442,,
MALARIA_EST_INCIDENCE,Estimated malaria incidence (per 1000 population at risk),https://www.who.int/data/gho/data/indicators/indicator-details/GHO/malaria-incidence-%28per-1-000-population-at-risk%29,2009,2009,2009,SEAR,South-East Asia,BTN,Bhutan,,,,2.058218171,2.06 [2.06-2.06],2.058218171,2.058218171
MALARIA_PV_INDIG,Number of indigenous P. vivax malaria cases,https://www.who.int/data/gho/data/indicators/indicator-details/GHO/number-of-indigenous-p.-vivax-malaria-cases,2021,2021,2021,SEAR,South-East Asia,BTN,Bhutan,,,,7.0,7,,
MALARIA_TOTAL_CASES,Total number of  malaria cases (presumed + confirmed cases),https://www.who.int/data/gho/data/indicators/indicator-details/GHO/total-number-of-malaria-cases-presumed-confirmed-cases,2017,2017,2017,SEAR,South-East Asia,BTN,Bhutan,,,,51.0,51,,
MALARIA_EST_INCIDENCE,Estimated malaria incidence (per 1000 population at risk),https://www.who.int/data/gho/data/indicators/indicator-details/GHO/malaria-incidence-%28per-1-000-population-at-risk%29,2017,2017,2017,SEAR,South-East Asia,BTN,Bhutan,,,,0.019705951,0.02 [0.02-0.02],0.019705951,0.019705951
MALARIA_EST_INCIDENCE,Estimated malaria incidence (per 1000 population at risk),https://www.who.int/data/gho/data/indicators/indicator-details/GHO/malaria-incidence-%28per-1-000-population-at-risk%29,2011,2011,2011,SEAR,South-East Asia,BTN,Bhutan,,,,0.369567454,0.37 [0.37-0.37],0.369567454,0.369567454
MALARIA_EST_MORTALITY,Estimated malaria mortality rate (per 100 000 population),https://www.who.int/data/gho/data/indicators/indicator-details/GHO/estimated-malaria-mortality-rate-per-100-000-population,2008,2008,2008,SEAR,South-East Asia,BTN,Bhutan,,,,0.393778303,0.39 [0.39-0.39],0.393778303,0.393778303
MALARIA_PV_INDIG,Number of indigenous P. vivax malaria cases,https://www.who.int/data/gho/data/indicators/indicator-details/GHO/number-of-indigenous-p.-vivax-malaria-cases,2023,2023,2023,SEAR,South-East Asia,BTN,Bhutan,,,,0.0,0,,
MALARIA_SUSPECTS,Number of suspected malaria cases,https://www.who.int/data/gho/data/indicators/indicator-details/GHO/number-of-suspected-malaria-cases,2018,2018,2018,SEAR,South-East Asia,BTN,Bhutan,,,,133498.0,133 498,,
MALARIA_EST_MORTALITY,Estimated malaria mortality rate (per 100 000 population),https://www.who.int/data/gho/data/indicators/indicator-details/GHO/estimated-malaria-mortality-rate-per-100-000-population,2007,2007,2007,SEAR,South-East Asia,BTN,Bhutan,,,,0.398252468,0.40 [0.40-0.40],0.398252468,0.398252468
MALARIA_MICR_POS,Number of malaria positive cases by microscopy,https://www.who.int/data/gho/data/indicators/indicator-details/GHO/number-of-malaria-positive-cases-by-microscopy,2016,2016,2016,SEAR,South-East Asia,BTN,Bhutan,,,,59.0,59,,
MALARIA_EST_MORTALITY,Estimated malaria mortality rate (per 100 000 population),https://www.who.int/data/gho/data/indicators/indicator-details/GHO/estimated-malaria-mortality-rate-per-100-000-population,2021,2021,2021,SEAR,South-East Asia,BTN,Bhutan,,,,0.0,0 [0-0],0.0,0.0
MALARIA_EST_MORTALITY,Estimated malaria mortality rate (per 100 000 population),https://www.who.int/data/gho/data/indicators/indicator-details/GHO/estimated-malaria-mortality-rate-per-100-000-population,2003,2003,2003,SEAR,South-East Asia,BTN,Bhutan,,,,2.966918855,2.97 [2.97-2.97],2.966918855,2.966918855
MALARIA_PF_INDIG,Number of indigenous P. falciparum malaria cases,https://www.who.int/data/gho/data/indicators/indicator-details/GHO/number-of-indigenous-p.-falciparum-malaria-cases,2022,2022,2022,SEAR,South-East Asia,BTN,Bhutan,,,,0.0,0,,
MALARIA_RDT_POS,Number of malaria positive cases by rapid diagnostic test (RDT),https://www.who.int/data/gho/data/indicators/indicator-details/GHO/number-of-malaria-positive-cases-by-rapid-diagnostic-test-rdt,2022,2022,2022,SEAR,South-East Asia,BTN,Bhutan,,,,0.0,0,,
MALARIA_RDT_POS,Number of malaria positive cases by rapid diagnostic test (RDT),https://www.who.int/data/gho/data/indicators/indicator-details/GHO/number-of-malaria-positive-cases-by-rapid-diagnostic-test-rdt,2015,2015,2015,SEAR,South-East Asia,BTN,Bhutan,,,,20.0,20,,
MALARIA_EST_INCIDENCE,Estimated malaria incidence (per 1000 population at risk),https://www.who.int/data/gho/data/indicators/indicator-details/GHO/malaria-incidence-%28per-1-000-population-at-risk%29,2021,2021,2021,SEAR,South-East Asia,BTN,Bhutan,,,,0.015684197,0.02 [0.02-0.02],0.015684197,0.015684197
MALARIA_PRES_CASES,Number of presumed malaria cases,https://www.who.int/data/gho/data/indicators/indicator-details/GHO/number-of-presumed-malaria-cases,2016,2016,2016,SEAR,South-East Asia,BTN,Bhutan,,,,0.0,0,,
MALARIA_INDIG,Number of indigenous malaria cases,https://www.who.int/data/gho/data/indicators/indicator-details/GHO/number-of-indigenous-malaria-cases,2018,2018,2018,SEAR,South-East Asia,BTN,Bhutan,,,,6.0,6,,
MALARIA_PRES_CASES,Number of presumed malaria cases,https://www.who.int/data/gho/data/indicators/indicator-details/GHO/number-of-presumed-malaria-cases,2020,2020,2020,SEAR,South-East Asia,BTN,Bhutan,,,,0.0,0,,
MALARIA_RDT_POS,Number of malaria positive cases by rapid diagnostic test (RDT),https://www.who.int/data/gho/data/indicators/indicator-details/GHO/number-of-malaria-positive-cases-by-rapid-diagnostic-test-rdt,2017,2017,2017,SEAR,South-East Asia,BTN,Bhutan,,,,11.0,11,,
MALARIA_PF_INDIG,Number of indigenous P. falciparum malaria cases,https://www.who.int/data/gho/data/indicators/indicator-details/GHO/number-of-indigenous-p.-falciparum-malaria-cases,2018,2018,2018,SEAR,South-East Asia,BTN,Bhutan,,,,1.0,1,,
MALARIA_TOTAL_CASES,Total number of  malaria cases (presumed + confirmed cases),https://www.who.int/data/gho/data/indicators/indicator-details/GHO/total-number-of-malaria-cases-presumed-confirmed-cases,2020,2020,2020,SEAR,South-East Asia,BTN,Bhutan,,,,54.0,54,,
MALARIA_EST_MORTALITY,Estimated malaria mortality rate (per 100 000 population),https://www.who.int/data/gho/data/indicators/indicator-details/GHO/estimated-malaria-mortality-rate-per-100-000-population,2002,2002,2002,SEAR,South-East Asia,BTN,Bhutan,,,,2.380632902,2.38 [2.38-2.38],2.380632902,2.380632902
MALARIA_SUSPECTS,Number of suspected malaria cases,https://www.who.int/data/gho/data/indicators/indicator-details/GHO/number-of-suspected-malaria-cases,2023,2023,2023,SEAR,South-East Asia,BTN,Bhutan,,,,56917.0,56 917,,
MALARIA_IMPORTED,Number of imported malaria cases,https://www.who.int/data/gho/data/indicators/indicator-details/GHO/number-of-imported-malaria-cases,2023,2023,2023,SEAR,South-East Asia,BTN,Bhutan,,,,14.0,14,,
MALARIA_EST_INCIDENCE,Estimated malaria incidence (per 1000 population at risk),https://www.who.int/data/gho/data/indicators/indicator-details/GHO/malaria-incidence-%28per-1-000-population-at-risk%29,2008,2008,2008,SEAR,South-East Asia,BTN,Bhutan,,,,0.647765308,0.65 [0.65-0.65],0.647765308,0.647765308
MALARIA_EST_INCIDENCE,Estimated malaria incidence (per 1000 population at risk),https://www.who.int/data/gho/data/indicators/indicator-details/GHO/malaria-incidence-%28per-1-000-population-at-risk%29,2012,2012,2012,SEAR,South-East Asia,BTN,Bhutan,,,,0.154487873,0.15 [0.15-0.15],0.154487873,0.154487873
MALARIA_CONF_CASES,Number of confirmed malaria cases,https://www.who.int/data/gho/data/indicators/indicator-details/GHO/number-confirmed-malaria-cases,2023,2023,2023,SEAR,South-East Asia,BTN,Bhutan,,,,18.0,18,,
MALARIA_MICR_TEST,Number of malaria suspects examined by microscopy,https://www.who.int/data/gho/data/indicators/indicator-details/GHO/number-of-malaria-suspects-examined-by-microscopy,2015,2015,2015,SEAR,South-East Asia,BTN,Bhutan,,,,26149.0,26 149,,
MALARIA_PRES_CASES,Number of presumed malaria cases,https://www.who.int/data/gho/data/indicators/indicator-details/GHO/number-of-presumed-malaria-cases,2023,2023,2023,SEAR,South-East Asia,BTN,Bhutan,,,,0.0,0,,
MALARIA_RDT_POS,Number of malaria positive cases by rapid diagnostic test (RDT),https://www.who.int/data/gho/data/indicators/indicator-details/GHO/number-of-malaria-positive-cases-by-rapid-diagnostic-test-rdt,2020,2020,2020,SEAR,South-East Asia,BTN,Bhutan,,,,8.0,8,,
MALARIA_MICR_POS,Number of malaria positive cases by microscopy,https://www.who.int/data/gho/data/indicators/indicator-details/GHO/number-of-malaria-positive-cases-by-microscopy,2019,2019,2019,SEAR,South-East Asia,BTN,Bhutan,,,,38.0,38,,
MALARIA_EST_MORTALITY,Estimated malaria mortality rate (per 100 000 population),https://www.who.int/data/gho/data/indicators/indicator-details/GHO/estimated-malaria-mortality-rate-per-100-000-population,2001,2001,2001,SEAR,South-East Asia,BTN,Bhutan,,,,3.097434218,3.10 [3.10-3.10],3.097434218,3.097434218
MALARIA_CONF_CASES,Number of confirmed malaria cases,https://www.who.int/data/gho/data/indicators/indicator-details/GHO/number-confirmed-malaria-cases,2015,2015,2015,SEAR,South-East Asia,BTN,Bhutan,,,,104.0,104,,
MALARIA_PF_INDIG,Number of indigenous P. falciparum malaria cases,https://www.who.int/data/gho/data/indicators/indicator-details/GHO/number-of-indigenous-p.-falciparum-malaria-cases,2017,2017,2017,SEAR,South-East Asia,BTN,Bhutan,,,,0.0,0,,
MALARIA_CONF_CASES,Number of confirmed malaria cases,https://www.who.int/data/gho/data/indicators/indicator-details/GHO/number-confirmed-malaria-cases,2017,2017,2017,SEAR,South-East Asia,BTN,Bhutan,,,,51.0,51,,
MALARIA_EST_MORTALITY,Estimated malaria mortality rate (per 100 000 population),https://www.who.int/data/gho/data/indicators/indicator-details/GHO/estimated-malaria-mortality-rate-per-100-000-population,2010,2010,2010,SEAR,South-East Asia,BTN,Bhutan,,,,0.385202819,0.39 [0.39-0.39],0.385202819,0.385202819
MALARIA_SUSPECTS,Number of suspected malaria cases,https://www.who.int/data/gho/data/indicators/indicator-details/GHO/number-of-suspected-malaria-cases,2022,2022,2022,SEAR,South-East Asia,BTN,Bhutan,,,,42205.0,42 205,,
MALARIA_EST_INCIDENCE,Estimated malaria incidence (per 1000 population at risk),https://www.who.int/data/gho/data/indicators/indicator-details/GHO/malaria-incidence-%28per-1-000-population-at-risk%29,2023,2023,2023,SEAR,South-East Asia,BTN,Bhutan,,,,0.0,0 [0-0],0.0,0.0
MALARIA_INDIG,Number of indigenous malaria cases,https://www.who.int/data/gho/data/indicators/indicator-details/GHO/number-of-indigenous-malaria-cases,2023,2023,2023,SEAR,South-East Asia,BTN,Bhutan,,,,0.0,0,,
MALARIA_EST_MORTALITY,Estimated malaria mortality rate (per 100 000 population),https://www.who.int/data/gho/data/indicators/indicator-details/GHO/estimated-malaria-mortality-rate-per-100-000-population,2009,2009,2009,SEAR,South-East Asia,BTN,Bhutan,,,,0.778890509,0.78 [0.78-0.78],0.778890509,0.778890509
MALARIA_EST_INCIDENCE,Estimated malaria incidence (per 1000 population at risk),https://www.who.int/data/gho/data/indicators/indicator-details/GHO/malaria-incidence-%28per-1-000-population-at-risk%29,2022,2022,2022,SEAR,South-East Asia,BTN,Bhutan,,,,0.0,0 [0-0],0.0,0.0
MALARIA_PRES_CASES,Number of presumed malaria cases,https://www.who.int/data/gho/data/indicators/indicator-details/GHO/number-of-presumed-malaria-cases,2021,2021,2021,SEAR,South-East Asia,BTN,Bhutan,,,,0.0,0,,
MALARIA_INDIG,Number of indigenous malaria cases,https://www.who.int/data/gho/data/indicators/indicator-details/GHO/number-of-indigenous-malaria-cases,2020,2020,2020,SEAR,South-East Asia,BTN,Bhutan,,,,22.0,22,,
MALARIA_PV_INDIG,Number of indigenous P. vivax malaria cases,https://www.who.int/data/gho/data/indicators/indicator-details/GHO/number-of-indigenous-p.-vivax-malaria-cases,2016,2016,2016,SEAR,South-East Asia,BTN,Bhutan,,,,13.0,13,,
MALARIA_EST_MORTALITY,Estimated malaria mortality rate (per 100 000 population),https://www.who.int/data/gho/data/indicators/indicator-details/GHO/estimated-malaria-mortality-rate-per-100-000-population,2000,2000,2000,SEAR,South-East Asia,BTN,Bhutan,,,,3.396139269,3.40 [3.40-3.40],3.396139269,3.396139269
MALARIA_EST_MORTALITY,Estimated malaria mortality rate (per 100 000 population),https://www.who.int/data/gho/data/indicators/indicator-details/GHO/estimated-malaria-mortality-rate-per-100-000-population,2016,2016,2016,SEAR,South-East Asia,BTN,Bhutan,,,,0.0,0 [0-0],0.0,0.0
MALARIA_IMPORTED,Number of imported malaria cases,https://www.who.int/data/gho/data/indicators/indicator-details/GHO/number-of-imported-malaria-cases,2022,2022,2022,SEAR,South-East Asia,BTN,Bhutan,,,,3.0,3,,
MALARIA_MICR_TEST,Number of malaria suspects examined by microscopy,https://www.who.int/data/gho/data/indicators/indicator-details/GHO/number-of-malaria-suspects-examined-by-microscopy,2018,2018,2018,SEAR,South-East Asia,BTN,Bhutan,,,,19778.0,19 778,,
MALARIA_INDIG,Number of indigenous malaria cases,https://www.who.int/data/gho/data/indicators/indicator-details/GHO/number-of-indigenous-malaria-cases,2017,2017,2017,SEAR,South-East Asia,BTN,Bhutan,,,,11.0,11,,
MALARIA_EST_INCIDENCE,Estimated malaria incidence (per 1000 population at risk),https://www.who.int/data/gho/data/indicators/indicator-details/GHO/malaria-incidence-%28per-1-000-population-at-risk%29,2003,2003,2003,SEAR,South-East Asia,BTN,Bhutan,,,,8.065780829,8.07 [8.07-8.07],8.065780829,8.065780829
MALARIA_EST_INCIDENCE,Estimated malaria incidence (per 1000 population at risk),https://www.who.int/data/gho/data/indicators/indicator-details/GHO/malaria-incidence-%28per-1-000-population-at-risk%29,2007,2007,2007,SEAR,South-East Asia,BTN,Bhutan,,,,1.579071036,1.58 [1.58-1.58],1.579071036,1.579071036
MALARIA_PF_INDIG,Number of indigenous P. falciparum malaria cases,https://www.who.int/data/gho/data/indicators/indicator-details/GHO/number-of-indigenous-p.-falciparum-malaria-cases,2020,2020,2020,SEAR,South-East Asia,BTN,Bhutan,,,,0.0,0,,
MALARIA_PRES_CASES,Number of presumed malaria cases,https://www.who.int/data/gho/data/indicators/indicator-details/GHO/number-of-presumed-malaria-cases,2015,2015,2015,SEAR,South-East Asia,BTN,Bhutan,,,,0.0,0,,
MALARIA_EST_MORTALITY,Estimated malaria mortality rate (per 100 000 population),https://www.who.int/data/gho/data/indicators/indicator-details/GHO/estimated-malaria-mortality-rate-per-100-000-population,2019,2019,2019,SEAR,South-East Asia,BTN,Bhutan,,,,0.0,0 [0-0],0.0,0.0
MALARIA_PV_INDIG,Number of indigenous P. vivax malaria cases,https://www.who.int/data/gho/data/indicators/indicator-details/GHO/number-of-indigenous-p.-vivax-malaria-cases,2019,2019,2019,SEAR,South-East Asia,BTN,Bhutan,,,,2.0,2,,
MALARIA_PRES_CASES,Number of presumed malaria cases,https://www.who.int/data/gho/data/indicators/indicator-details/GHO/number-of-presumed-malaria-cases,2022,2022,2022,SEAR,South-East Asia,BTN,Bhutan,,,,0.0,0,,
MALARIA_PF_INDIG,Number of indigenous P. falciparum malaria cases,https://www.who.int/data/gho/data/indicators/indicator-details/GHO/number-of-indigenous-p.-falciparum-malaria-cases,2021,2021,2021,SEAR,South-East Asia,BTN,Bhutan,,,,1.0,1,,
MALARIA_CONF_CASES,Number of confirmed malaria cases,https://www.who.int/data/gho/data/indicators/indicator-details/GHO/number-confirmed-malaria-cases,2019,2019,2019,SEAR,South-East Asia,BTN,Bhutan,,,,42.0,42,,
MALARIA_EST_MORTALITY,Estimated malaria mortality rate (per 100 000 population),https://www.who.int/data/gho/data/indicators/indicator-details/GHO/estimated-malaria-mortality-rate-per-100-000-population,2017,2017,2017,SEAR,South-East Asia,BTN,Bhutan,,,,0.0,0 [0-0],0.0,0.0
MALARIA_TOTAL_CASES,Total number of  malaria cases (presumed + confirmed cases),https://www.who.int/data/gho/data/indicators/indicator-details/GHO/total-number-of-malaria-cases-presumed-confirmed-cases,2022,2022,2022,SEAR,South-East Asia,BTN,Bhutan,,,,6.0,6,,
MALARIA_RDT_POS,Number of malaria positive cases by rapid diagnostic test (RDT),https://www.who.int/data/gho/data/indicators/indicator-details/GHO/number-of-malaria-positive-cases-by-rapid-diagnostic-test-rdt,2021,2021,2021,SEAR,South-East Asia,BTN,Bhutan,,,,0.0,0,,
MALARIA_TOTAL_CASES,Total number of  malaria cases (presumed + confirmed cases),https://www.who.int/data/gho/data/indicators/indicator-details/GHO/total-number-of-malaria-cases-presumed-confirmed-cases,2019,2019,2019,SEAR,South-East Asia,BTN,Bhutan,,,,42.0,42,,
MALARIA_INDIG,Number of indigenous malaria cases,https://www.who.int/data/gho/data/indicators/indicator-details/GHO/number-of-indigenous-malaria-cases,2021,2021,2021,SEAR,South-East Asia,BTN,Bhutan,,,,9.0,9,,
MALARIA_PV_INDIG,Number of indigenous P. vivax malaria cases,https://www.who.int/data/gho/data/indicators/indicator-details/GHO/number-of-indigenous-p.-vivax-malaria-cases,2018,2018,2018,SEAR,South-East Asia,BTN,Bhutan,,,,5.0,5,,
MALARIA_IMPORTED,Number of imported malaria cases,https://www.who.int/data/gho/data/indicators/indicator-details/GHO/number-of-imported-malaria-cases,2018,2018,2018,SEAR,South-East Asia,BTN,Bhutan,,,,34.0,34,,
MALARIA_INDIG,Number of indigenous malaria cases,https://www.who.int/data/gho/data/indicators/indicator-details/GHO/number-of-indigenous-malaria-cases,2015,2015,2015,SEAR,South-East Asia,BTN,Bhutan,,,,34.0,34,,
MALARIA_PRES_CASES,Number of presumed malaria cases,https://www.who.int/data/gho/data/indicators/indicator-details/GHO/number-of-presumed-malaria-cases,2018,2018,2018,SEAR,South-East Asia,BTN,Bhutan,,,,0.0,0,,
MALARIA_EST_INCIDENCE,Estimated malaria incidence (per 1000 population at risk),https://www.who.int/data/gho/data/indicators/indicator-details/GHO/malaria-incidence-%28per-1-000-population-at-risk%29,2004,2004,2004,SEAR,South-East Asia,BTN,Bhutan,,,,5.546300182,5.55 [5.55-5.55],5.546300182,5.546300182
MALARIA_CONF_CASES,Number of confirmed malaria cases,https://www.who.int/data/gho/data/indicators/indicator-details/GHO/number-confirmed-malaria-cases,2016,2016,2016,SEAR,South-East Asia,BTN,Bhutan,,,,74.0,74,,
MALARIA_EST_INCIDENCE,Estimated malaria incidence (per 1000 population at risk),https://www.who.int/data/gho/data/indicators/indicator-details/GHO/malaria-incidence-%28per-1-000-population-at-risk%29,2019,2019,2019,SEAR,South-East Asia,BTN,Bhutan,,,,0.003533762,0 [0-0],0.003533762,0.003533762
MALARIA_MICR_POS,Number of malaria positive cases by microscopy,https://www.who.int/data/gho/data/indicators/indicator-details/GHO/number-of-malaria-positive-cases-by-microscopy,2021,2021,2021,SEAR,South-East Asia,BTN,Bhutan,,,,23.0,23,,
MALARIA_EST_MORTALITY,Estimated malaria mortality rate (per 100 000 population),https://www.who.int/data/gho/data/indicators/indicator-details/GHO/estimated-malaria-mortality-rate-per-100-000-population,2006,2006,2006,SEAR,South-East Asia,BTN,Bhutan,,,,1.41017867,1.41 [1.41-1.41],1.41017867,1.41017867
MALARIA_EST_INCIDENCE,Estimated malaria incidence (per 1000 population at risk),https://www.who.int/data/gho/data/indicators/indicator-details/GHO/malaria-incidence-%28per-1-000-population-at-risk%29,2020,2020,2020,SEAR,South-East Asia,BTN,Bhutan,,,,0.038609768,0.04 [0.04-0.04],0.038609768,0.038609768
MALARIA_MICR_TEST,Number of malaria suspects examined by microscopy,https://www.who.int/data/gho/data/indicators/indicator-details/GHO/number-of-malaria-suspects-examined-by-microscopy,2022,2022,2022,SEAR,South-East Asia,BTN,Bhutan,,,,12146.0,12 146,,
MALARIA_MICR_POS,Number of malaria positive cases by microscopy,https://www.who.int/data/gho/data/indicators/indicator-details/GHO/number-of-malaria-positive-cases-by-microscopy,2022,2022,2022,SEAR,South-East Asia,BTN,Bhutan,,,,6.0,6,,
MALARIA_SUSPECTS,Number of suspected malaria cases,https://www.who.int/data/gho/data/indicators/indicator-details/GHO/number-of-suspected-malaria-cases,2019,2019,2019,SEAR,South-East Asia,BTN,Bhutan,,,,119975.0,119 975,,
MALARIA_SUSPECTS,Number of suspected malaria cases,https://www.who.int/data/gho/data/indicators/indicator-details/GHO/number-of-suspected-malaria-cases,2017,2017,2017,SEAR,South-East Asia,BTN,Bhutan,,,,120667.0,120 667,,
MALARIA_EST_INCIDENCE,Estimated malaria incidence (per 1000 population at risk),https://www.who.int/data/gho/data/indicators/indicator-details/GHO/malaria-incidence-%28per-1-000-population-at-risk%29,2018,2018,2018,SEAR,South-East Asia,BTN,Bhutan,,,,0.01067196,0.01 [0.01-0.01],0.01067196,0.01067196
MALARIA_EST_INCIDENCE,Estimated malaria incidence (per 1000 population at risk),https://www.who.int/data/gho/data/indicators/indicator-details/GHO/malaria-incidence-%28per-1-000-population-at-risk%29,2005,2005,2005,SEAR,South-East Asia,BTN,Bhutan,,,,3.726162767,3.73 [3.73-3.73],3.726162767,3.726162767
MALARIA_EST_INCIDENCE,Estimated malaria incidence (per 1000 population at risk),https://www.who.int/data/gho/data/indicators/indicator-details/GHO/malaria-incidence-%28per-1-000-population-at-risk%29,2013,2013,2013,SEAR,South-East Asia,BTN,Bhutan,,,,0.02794847,0.03,,
MALARIA_CONF_CASES,Number of confirmed malaria cases,https://www.who.int/data/gho/data/indicators/indicator-details/GHO/number-confirmed-malaria-cases,2022,2022,2022,SEAR,South-East Asia,BTN,Bhutan,,,,6.0,6,,
MALARIA_IMPORTED,Number of imported malaria cases,https://www.who.int/data/gho/data/indicators/indicator-details/GHO/number-of-imported-malaria-cases,2021,2021,2021,SEAR,South-East Asia,BTN,Bhutan,,,,13.0,13,,
MALARIA_EST_MORTALITY,Estimated malaria mortality rate (per 100 000 population),https://www.who.int/data/gho/data/indicators/indicator-details/GHO/estimated-malaria-mortality-rate-per-100-000-population,2005,2005,2005,SEAR,South-East Asia,BTN,Bhutan,,,,1.020866511,1.02 [1.02-1.02],1.020866511,1.020866511
MALARIA_MICR_TEST,Number of malaria suspects examined by microscopy,https://www.who.int/data/gho/data/indicators/indicator-details/GHO/number-of-malaria-suspects-examined-by-microscopy,2017,2017,2017,SEAR,South-East Asia,BTN,Bhutan,,,,22885.0,22 885,,
MALARIA_MICR_POS,Number of malaria positive cases by microscopy,https://www.who.int/data/gho/data/indicators/indicator-details/GHO/number-of-malaria-positive-cases-by-microscopy,2017,2017,2017,SEAR,South-East Asia,BTN,Bhutan,,,,51.0,51,,
MALARIA_CONF_CASES,Number of confirmed malaria cases,https://www.who.int/data/gho/data/indicators/indicator-details/GHO/number-confirmed-malaria-cases,2020,2020,2020,SEAR,South-East Asia,BTN,Bhutan,,,,54.0,54,,
MALARIA_EST_INCIDENCE,Estimated malaria incidence (per 1000 population at risk),https://www.who.int/data/gho/data/indicators/indicator-details/GHO/malaria-incidence-%28per-1-000-population-at-risk%29,2015,2015,2015,SEAR,South-East Asia,BTN,Bhutan,,,,0.062037343,0.06 [0.06-0.06],0.062037343,0.062037343
MALARIA_CONF_CASES,Number of confirmed malaria cases,https://www.who.int/data/gho/data/indicators/indicator-details/GHO/number-confirmed-malaria-cases,2018,2018,2018,SEAR,South-East Asia,BTN,Bhutan,,,,54.0,54,,
MALARIA_MICR_POS,Number of malaria positive cases by microscopy,https://www.who.int/data/gho/data/indicators/indicator-details/GHO/number-of-malaria-positive-cases-by-microscopy,2023,2023,2023,SEAR,South-East Asia,BTN,Bhutan,,,,15.0,15,,
MALARIA_EST_MORTALITY,Estimated malaria mortality rate (per 100 000 population),https://www.who.int/data/gho/data/indicators/indicator-details/GHO/estimated-malaria-mortality-rate-per-100-000-population,2013,2013,2013,SEAR,South-East Asia,BTN,Bhutan,,,,0.0,0 [0-0],0.0,0.0
MALARIA_EST_INCIDENCE,Estimated malaria incidence (per 1000 population at risk),https://www.who.int/data/gho/data/indicators/indicator-details/GHO/malaria-incidence-%28per-1-000-population-at-risk%29,2006,2006,2006,SEAR,South-East Asia,BTN,Bhutan,,,,3.763162507,3.76 [3.76-3.76],3.763162507,3.763162507
MALARIA_SUSPECTS,Number of suspected malaria cases,https://www.who.int/data/gho/data/indicators/indicator-details/GHO/number-of-suspected-malaria-cases,2020,2020,2020,SEAR,South-East Asia,BTN,Bhutan,,,,31522.0,31 522,,
MALARIA_INDIG,Number of indigenous malaria cases,https://www.who.int/data/gho/data/indicators/indicator-details/GHO/number-of-indigenous-malaria-cases,2019,2019,2019,SEAR,South-East Asia,BTN,Bhutan,,,,2.0,2,,
MALARIA_IMPORTED,Number of imported malaria cases,https://www.who.int/data/gho/data/indicators/indicator-details/GHO/number-of-imported-malaria-cases,2020,2020,2020,SEAR,South-East Asia,BTN,Bhutan,,,,9.0,9,,
MALARIA_PV_INDIG,Number of indigenous P. vivax malaria cases,https://www.who.int/data/gho/data/indicators/indicator-details/GHO/number-of-indigenous-p.-vivax-malaria-cases,2017,2017,2017,SEAR,South-East Asia,BTN,Bhutan,,,,11.0,11,,
MALARIA_TOTAL_CASES,Total number of  malaria cases (presumed + confirmed cases),https://www.who.int/data/gho/data/indicators/indicator-details/GHO/total-number-of-malaria-cases-presumed-confirmed-cases,2015,2015,2015,SEAR,South-East Asia,BTN,Bhutan,,,,104.0,104,,
MALARIA_INDIG,Number of indigenous malaria cases,https://www.who.int/data/gho/data/indicators/indicator-details/GHO/number-of-indigenous-malaria-cases,2022,2022,2022,SEAR,South-East Asia,BTN,Bhutan,,,,0.0,0,,
MALARIA_EST_MORTALITY,Estimated malaria mortality rate (per 100 000 population),https://www.who.int/data/gho/data/indicators/indicator-details/GHO/estimated-malaria-mortality-rate-per-100-000-population,2014,2014,2014,SEAR,South-East Asia,BTN,Bhutan,,,,0.0,0 [0-0],0.0,0.0
MALARIA_PF_INDIG,Number of indigenous P. falciparum malaria cases,https://www.who.int/data/gho/data/indicators/indicator-details/GHO/number-of-indigenous-p.-falciparum-malaria-cases,2023,2023,2023,SEAR,South-East Asia,BTN,Bhutan,,,,0.0,0,,
MALARIA_SUSPECTS,Number of suspected malaria cases,https://www.who.int/data/gho/data/indicators/indicator-details/GHO/number-of-suspected-malaria-cases,2021,2021,2021,SEAR,South-East Asia,BTN,Bhutan,,,,25510.0,25 510,,
MALARIA_PV_INDIG,Number of indigenous P. vivax malaria cases,https://www.who.int/data/gho/data/indicators/indicator-details/GHO/number-of-indigenous-p.-vivax-malaria-cases,2020,2020,2020,SEAR,South-East Asia,BTN,Bhutan,,,,22.0,22,,
MALARIA_TOTAL_CASES,Total number of  malaria cases (presumed + confirmed cases),https://www.who.int/data/gho/data/indicators/indicator-details/GHO/total-number-of-malaria-cases-presumed-confirmed-cases,2023,2023,2023,SEAR,South-East Asia,BTN,Bhutan,,,,18.0,18,,
MALARIA_MICR_TEST,Number of malaria suspects examined by microscopy,https://www.who.int/data/gho/data/indicators/indicator-details/GHO/number-of-malaria-suspects-examined-by-microscopy,2021,2021,2021,SEAR,South-East Asia,BTN,Bhutan,,,,8742.0,8742,,
MALARIA_PRES_CASES,Number of presumed malaria cases,https://www.who.int/data/gho/data/indicators/indicator-details/GHO/number-of-presumed-malaria-cases,2017,2017,2017,SEAR,South-East Asia,BTN,Bhutan,,,,0.0,0,,
MALARIA_EST_MORTALITY,Estimated malaria mortality rate (per 100 000 population),https://www.who.int/data/gho/data/indicators/indicator-details/GHO/estimated-malaria-mortality-rate-per-100-000-population,2020,2020,2020,SEAR,South-East Asia,BTN,Bhutan,,,,0.0,0 [0-0],0.0,0.0
MALARIA_MICR_TEST,Number of malaria suspects examined by microscopy,https://www.who.int/data/gho/data/indicators/indicator-details/GHO/number-of-malaria-suspects-examined-by-microscopy,2019,2019,2019,SEAR,South-East Asia,BTN,Bhutan,,,,18973.0,18 973,,
